Sname,Sstreet,Scity,Sstate
Hendrerit Donec Company,5005,Sarre,FL
Tristique LLC,5469,San Massimo,NC
Diam Corp.,3166,Aschersleben,AZ
Augue Ut Lacus Ltd,1117,Mayerthorpe,CT
Mollis Lectus Ltd,883,Gyeongsan,NM
Sollicitudin LLP,2750,Apartadó,AZ
Magna Cras Convallis Company,5877,Midway,CA
Nec Cursus Industries,8110,Ruisbroek,NJ
Aliquam Enim Consulting,716,Saint John,NY
Semper Tellus Id Industries,1938,Outremont,CO
Duis Risus Odio Foundation,2527,Cessnock,TX
Congue Turpis Corp.,7714,Senneville,CT
Molestie Arcu Foundation,8152,Auckland,AZ
Placerat Orci Institute,5445,Cerignola,AL
Natoque Penatibus Incorporated,8798,Kaster,AR
Id Enim Curabitur Limited,3682,Ancaster Town,AK
Eget Limited,8590,Treglio,CA
Porta Limited,7055,Lüneburg,NJ
Placerat Cras Dictum Institute,1401,Roveredo in Piano,AZ
Tincidunt Donec Company,4670,Côte Saint-Luc,NM
Ut Semper LLC,5603,Zwettl-Niederösterreich,NC
Eros Limited,4914,Hondelange,TX
Dictum Cursus Company,4970,Temploux,NJ
Et Magnis Dis Incorporated,3974,Kelowna,CA
Ornare Egestas Ligula Inc.,8782,Loncoche,NC
Pellentesque PC,8171,Shipshaw,NY
Lectus Ltd,575,Grimbergen,CT
Et Magnis Dis LLP,5520,Cochrane,AK
Nibh Aliquam Ltd,614,San Jose,NJ
Tincidunt Nibh Incorporated,4042,Lummen,TN
Suspendisse Ltd,8079,San Martino in Badia/St. Martin in Thurn,TX
Neque Sed Sem Corp.,8005,Serrungarina,NM
Lobortis Corporation,5773,Minyar,NY
Vel Consulting,1460,Kyshtym,NJ
Ac Mattis Limited,7435,Cannock,CO
Nisi Cum Sociis Consulting,7603,Hallaar,NY
Mollis Phasellus Libero Corporation,3135,White Rock,WA
Mollis Associates,9243,Baiso,TX
Dolor Sit Company,6226,Tolentino,TN
Nullam Velit Dui Incorporated,2161,Columbia,AZ
Integer Associates,2648,Hassan,CT
Ut Sem Limited,6227,San Nicolás de los Garza,AK
Varius Et Foundation,338,Tampa,CT
Felis Orci Adipiscing Ltd,1286,Port Blair,TN
Interdum Ligula Associates,2662,Croydon,AK
Massa LLP,5353,Saint-Oyen,AZ
Vitae LLC,7129,Zapallar,AL
Vitae Erat Vel Incorporated,5868,Fort McPherson,AL
Cubilia Limited,5629,Pathankot,NJ
Nunc Quis Corp.,2078,Kitscoty,CO
Sed Eget Lacus Limited,7638,Medan,WA
Et Corporation,6676,Castle Douglas,WA
Mattis Corporation,8173,Wiener Neustadt,TX
Est Congue LLC,4505,Los Vilos,AZ
Fringilla Est Foundation,6927,Cuccaro Vetere,NJ
Neque LLP,2789,Cariboo Regional District,AK
Mauris Rhoncus Id Institute,3837,Dollard-des-Ormeaux,NY
Lobortis Mauris Suspendisse Company,1138,Rothesay,AL
Interdum Limited,6489,Betim,AK
Elit Elit Fermentum LLP,3482,San Lorenzo Nuovo,FL
Porta LLC,3886,Ussassai,CO
Suspendisse Ac Metus Incorporated,1232,Frankfurt am Main,CA
Euismod Et Commodo Consulting,1012,Lanark County,NY
Lorem Luctus Ut Incorporated,8371,Chépica,AR
Metus Sit Amet PC,3242,Aachen,AL
Nisi Industries,9304,Kitchener,WA
Diam Company,5234,Cerrillos,FL
Vel Corporation,3111,Allappuzha,CA
Non Enim Commodo Limited,9947,Alsemberg,NJ
Aliquam Eu Corp.,3925,Kamarhati,NY
Arcu LLC,7260,Dera Ghazi Khan,NJ
Molestie Dapibus Ltd,9141,Kumbakonam,CO
Faucibus Company,5617,Bharatpur,NC
Dignissim Lacus Aliquam LLP,1118,Columbus,AZ
Placerat Orci Lacus Incorporated,8387,Barrhead,NJ
Nunc Id Company,2829,Cottbus,AK
In Lobortis LLP,7642,Deline,CA
Elit Etiam Laoreet Company,1595,Southaven,CO
At Velit Inc.,5337,Korba,TX
Urna Associates,2712,Alsemberg,AL
Integer Company,9479,Tongyeong,CT
Nunc Sit Associates,5855,Carovilli,AL
Phasellus Fermentum Associates,7762,Mitú,TN
Arcu Corp.,1269,Sousa,AZ
Sem LLC,9310,Ayr,WA
Ipsum Corporation,8369,Cirebon,WA
Velit Corporation,2821,Bon Accord,NY
Malesuada Corporation,3494,Phoenix,TN
Sed Dui Fusce Company,8258,Cuxhaven,AR
Eros Proin Ultrices Company,5938,Eisenstadt,NM
Nunc Id Inc.,1106,Barrie,AZ
Malesuada Consulting,5644,Nives,DE
Phasellus In Company,8885,Swan,AL
Nulla Cras Ltd,5708,Salamanca,CT
Elit Curabitur Inc.,8677,Teltow,CO
Dapibus Quam Quis Consulting,1525,Bayswater,AL
Commodo Auctor Consulting,6022,Zuienkerke,AK
Velit In Aliquet Corporation,9836,Dangjin,NJ
Volutpat Ornare Foundation,3057,Nives,AZ
Donec Porttitor Tellus LLP,6616,Verona,AR