Pname,Pstreet,Pcity,Pstate
Ornare Egestas Ligula Industries,6424,Devonport,DE
Aenean Gravida Consulting,8286,Gurgaon,ME
Enim PC,4251,Castiglione di Garfagnana,DE
Morbi Ltd,2849,Quinta Normal,NY
Elementum Associates,6876,Meeuwen,MD
Curabitur Vel Corporation,3235,Houdemont,ME
Mauris Morbi Non LLC,2707,Rae Bareli,MA
Nec Luctus Foundation,6157,Gadag Betigeri,CO
Ut Nec Urna Industries,7109,Napoli,IN
Tellus Industries,5931,Nieuwmunster,NM
A Scelerisque Sed LLC,7592,Fort McPherson,WA
Sem Elit Pharetra Institute,4816,Ranst,SC
Gravida Sagittis Duis Ltd,9779,Oberpullendorf,MD
Nullam Ut Nisi Corp.,1240,Beaumont,SC
Vitae Associates,1183,San Clemente,DE
Consectetuer Ipsum Nunc Inc.,7491,Tresigallo,IN
Praesent Eu Nulla Industries,3184,Helensburgh,MD
Ut Institute,3460,María Pinto,NY
Integer Company,5662,Nocera Umbra,MA
Ut Molestie In Associates,9252,San Mauro Marchesato,WA
Fringilla Est Mauris Foundation,2577,Montgomery,CT
Ut Pharetra Sed Ltd,2997,Beuzet,MA
Curabitur Institute,6068,Villenave-d'Ornon,DE
Dui Fusce Diam LLP,7074,Bonlez,ME
Ultricies Ornare Corporation,6660,Spoleto,IN
Vitae Orci Phasellus LLP,6980,Serampore,CO
Enim Corp.,6528,Santomenna,CO
Sed Consulting,1111,Swansea,CT
Consectetuer Euismod Company,5206,Villers-aux-Tours,ME
In Industries,2834,Kasterlee,MA
Amet Institute,8198,Belford Roxo,MA
Placerat Company,3010,Bressoux,WA
Aptent PC,3511,Quilicura,CT
Fringilla Euismod Incorporated,9044,Acquasparta,MA
Aliquet Magna A Limited,1166,Binjai,ME
Dictum Sapien Institute,8938,Graneros,CO
Lorem Ltd,5618,Eckernförde,MD
Curabitur Associates,5607,Columbus,IN
Mauris LLP,2986,Sint-Pauwels,UT
Eu Nibh Vulputate PC,8288,Allentown,MA
Eu Tempor Erat Industries,8498,Shivapuri,NM
Sed PC,4387,Ukkel,WA
Mus Proin Industries,5375,Hody,NY
Ut LLC,1100,Salem,IN
Orci Quis Corporation,6021,Maunath Bhanjan,DE
Faucibus Consulting,2462,Northumberland,MD
Morbi Vehicula Corporation,4049,Blairgowrie,SC
Phasellus At Augue Inc.,5055,Gebze,WA
Nulla Integer Urna Limited,6746,Coldstream,NY
Arcu Ac LLC,1841,Golitsyno,MA
Nullam Scelerisque Neque Incorporated,6176,Kyshtym,IN
Nec Enim Nunc Corporation,1318,Yahyalı,WA
Mattis Semper Dui PC,8268,Mahbubnagar,SC
Volutpat Limited,8327,Sadiqabad,MD
Vivamus Nisi Mauris Company,7911,Ramagundam,NY
Feugiat Limited,1906,Gulbarga,CT
Aenean Sed Industries,7963,Pamel,SC
Duis Company,1724,Monticelli d'Ongina,UT
Sit Foundation,5829,Ludhiana,MA
Nisi Associates,5254,Rovereto,UT
Sem PC,6615,Thorembais-Saint-Trond,MA
Tincidunt Congue Corp.,8549,Port Augusta,WA
Sit Incorporated,8384,Heist-op-den-Berg,MD
Velit Industries,1884,Klemskerke,IN
Mauris Institute,2636,Kirkland,WA
Cras Interdum Nunc LLC,8640,Aparecida de Goiânia,CT
Nam Interdum Institute,3820,Bronnitsy,ME
Nibh Industries,5418,Dollard-des-Ormeaux,CT
Aptent Taciti Sociosqu Ltd,3879,Darıca,ME
Duis Corp.,6011,Sint-Kruis,NY
Eu Sem Pellentesque Corp.,4724,Jefferson City,UT
Magna Cras Associates,8046,Torgiano,MA
Faucibus Orci Luctus Foundation,5497,Rhemes-Notre-Dame,IN
Litora Torquent Per Consulting,5329,St. Petersburg,DE
Arcu Company,3180,Mosocw,IN
Tincidunt Tempus Risus LLP,3773,Mazatlán,WA
Tincidunt Nunc Foundation,5461,Timaru,ME
Sem Industries,8241,Krasnoarmeysk,MA
Luctus Ipsum Foundation,5922,Menai Bridge,SC
Leo Incorporated,3829,Saratov,NY
Nunc Incorporated,2605,Glendon,DE
Mauris Associates,9055,Newmarket,WA
Ultrices Duis Limited,9418,San Carlos,NM
Ac Eleifend LLC,9298,Kelso,NM
Donec Dignissim LLP,8986,Olinda,MD
Porttitor Scelerisque Neque Inc.,8461,Sint-Niklaas,UT
Montes Nascetur Institute,7562,Elbląg,WA
Fringilla Cursus Inc.,1981,Zelzate,CO
Ac Libero Limited,3712,Millport,SC
Enim Gravida Sit Institute,6784,Bouge,DE
Molestie Corp.,6219,D�gelis,CO
Sed Dolor Fusce Corporation,2904,Kharagpur,WA
Nisl Arcu Limited,7539,South Jakarta,MA
Fusce Dolor Consulting,2780,Cuxhaven,WA
Ut Nisi Consulting,2466,La Unión,DE
Dis Parturient Industries,6732,Hasselt,NM
Arcu Morbi Sit Company,2611,Baschi,SC
Vitae Erat Industries,6773,Kayseri,NM
Nec PC,1379,Ruza,NY
Turpis Egestas Fusce Inc.,4874,Hanam,IN
Morbi Foundation,1693,Bevagna,MA
Luctus Vulputate Nisi Industries,1237,Saint-Pierre,MD
Tincidunt Neque Vitae Incorporated,4975,Villers-la-Loue,UT
Pellentesque Limited,4110,Llaillay,IN
Felis Eget Corp.,2907,Dalbeattie,MD
Erat Semper Rutrum Ltd,7826,Ahrensburg,NM
Dui Fusce Aliquam Ltd,5312,Coevorden,NY
Ac Mattis Velit PC,6483,Sant'Elia a Pianisi,SC
Integer PC,4281,Armidale,NM
Justo PC,6160,Polino,DE
Sed Diam Lorem Institute,2738,San Jose,IN
Dictum Incorporated,6355,Olathe,MD
Nibh Donec Inc.,5728,Satriano di Lucania,CO
Nulla At Sem Company,5098,Grand-Halleux,NM
Libero Associates,8697,Gloucester,CO
Ullamcorper Duis Incorporated,1611,Mannheim,WA
Rutrum LLC,5074,Compiano,WA
Fringilla Mi Lacinia Industries,8214,Vliermaalroot,CT
At Augue Id Corporation,5901,Hannche,NM
Lacinia Limited,3352,Chillán Viejo,IN
Aptent LLC,9115,Sim,CO
Curabitur Massa PC,6105,Bacabal,CT
Hendrerit Id Ante Limited,6149,Gboko,SC
Accumsan Convallis Ante PC,5289,Roxburgh,CT
A Malesuada LLP,7674,Tomé,ME
Eu Institute,5862,Thuillies,MD
Risus Quisque Corp.,4507,Firozabad,MA
Sollicitudin Associates,4562,Annapolis,CT
Mollis Phasellus Incorporated,8489,Glasgow,SC
In Ornare Ltd,1062,Norcia,CT
Tortor Nibh Sit Associates,8254,Murdochville,WA
Massa Lobortis Limited,3609,Dumfries,IN
Pede Suspendisse LLC,5697,San Pedro Garza García,MD
Faucibus Leo Consulting,8288,Yeongcheon,CO
Iaculis Nec Associates,5192,Meerhout,SC
Metus Vivamus Euismod LLP,4148,Saint Andr�,MA
Ultrices Mauris Institute,6711,Mitú,ME
Elit Sed Consequat Inc.,3979,Marilles,MA
Molestie Sodales Company,7563,Quedlinburg,UT
Ipsum Cursus Foundation,9974,Priero,CO
Ac Orci Ut Corporation,9854,Blitar,UT
Vestibulum Institute,7572,Raichur,ME
Sagittis Augue Corp.,4901,Raiganj,NM
Dui Nec LLC,5156,Lunel,SC
Sem Company,8845,Chennai,NY
Velit Pellentesque Consulting,3114,Kansas City,DE
Diam Nunc Ullamcorper LLP,1209,Feilding,DE
Et Rutrum Eu Inc.,9361,Rabbi,MA
Consectetuer Adipiscing Elit LLC,9808,Ceppaloni,SC
Ridiculus Industries,3160,Chañaral,MA
Sed Et Inc.,4337,Lima,DE
Lorem Fringilla Corp.,6262,Ramara,MD
Consectetuer Rhoncus Nullam Incorporated,5505,Sibi,CT
Dignissim Corporation,6202,Barrackpur,SC
Magna Praesent PC,1438,Colombes,NM
Quisque Nonummy Ipsum Associates,7037,Vejano,CO
Porttitor Associates,3160,Alençon,WA
Amet Faucibus Institute,3066,Verdun,SC
Semper PC,4476,Longano,IN
Non Dapibus Ltd,9428,Montreal,UT
Nibh Sit LLP,1380,Renfrew,DE
Nunc Ltd,5360,Coldstream,IN
Semper Institute,8482,San Bernardo,ME
Donec Ltd,2455,Raymond,UT
Metus Urna Industries,6382,Drumheller,CO
Dignissim Maecenas Limited,3197,Cantalupo in Sabina,CT
Nec Urna Inc.,3542,Roselies,CO
Taciti Sociosqu Ad Limited,8523,Couture-Saint-Germain,MA
Erat Incorporated,7079,Saint-Sébastien-sur-Loire,CT
Sit Amet PC,7574,Suncheon,UT
Mauris Morbi Limited,9206,Sossano,UT
Cras LLP,1940,Leugnies,NM
Dui Lectus Rutrum Foundation,8949,Dijon,ME
Facilisis Facilisis Consulting,6329,Gargazzone/Gargazon,UT
Elit Etiam LLC,2957,Newtown,CO
Et Malesuada Limited,2424,Zlatoust,MD
Mauris Blandit Corporation,1267,Puno,UT
Libero Dui Nec LLC,8195,Helchteren,CO
Rhoncus Ltd,9906,Enns,NM
Curabitur Ut Limited,1809,Cantley,ME
Tellus Suspendisse LLC,4767,Long Eaton,CT
Vulputate PC,6044,Asansol,SC
Mauris Incorporated,2711,Hanau,NY
Massa Mauris Vestibulum PC,5376,Achalpur,UT
Fusce Mollis Foundation,3029,Huntsville,SC
Ornare Egestas Ligula Corporation,4260,Hamme,DE
Molestie PC,4387,Minderhout,CT
Velit Aliquam Foundation,5817,Regensburg,CO
Blandit Mattis Ltd,3558,Jamioulx,MD
Massa Mauris Ltd,1771,Carluke,CO
Condimentum Eget PC,4600,Lochranza,MA
Proin Inc.,3033,Manukau,WA
Adipiscing Elit Etiam Industries,1300,Huesca,UT
Fusce Ltd,6111,Nellore,CT
Nisi Mauris LLC,2742,Ollagüe,CT
Quis PC,2406,Fresno,WA
Nec Leo Consulting,2269,RosiŽres,CO
Eu Neque Foundation,4860,Jammu,CO
Dis Associates,7936,Freising,MA
Fusce Aliquam Incorporated,8951,Fontecchio,UT
Vitae Orci Phasellus Incorporated,5145,Pointe-du-Lac,IN
Diam Consulting,6128,Rangiora,MD
Aenean Eget Metus Institute,6907,Sint-Lambrechts-Woluwe,CO
Proin Industries,8333,Stary Oskol,MD
Magnis PC,6618,Quellón,NY
Auctor Non Feugiat Corporation,8467,Norfolk,MD
Praesent LLP,4280,Piana degli Albanesi,CO
Consequat LLC,4033,Campli,NM
Nisl Sem Associates,9282,Lawton,CT
Lectus Company,3859,Maryborough,SC
Felis Orci Foundation,7020,Hull,DE
Lorem Donec Elementum PC,9442,Pocatello,DE
Erat Industries,7126,Monte San Savino,DE
Erat Associates,9844,Valleyview,NY
Et Euismod Corp.,7495,Alençon,NY
Lacus Vestibulum LLP,6056,Latur,UT
Quis Turpis Incorporated,3325,Balfour,DE
Consectetuer Adipiscing LLP,4938,Santa Rita,UT
Ultrices A Auctor Foundation,4054,Duluth,ME
Donec Fringilla Donec Incorporated,5086,Perchtoldsdorf,NY
Semper Corp.,1512,Chastre-Villeroux-Blanmont,CO
Et Institute,2539,Auvelais,ME
Justo Foundation,3362,Corby,UT
Velit Aliquam PC,7128,Quimbaya,MD
In At Pede Incorporated,3540,Valera Fratta,DE
Sit Limited,9760,Eschwege,MA
Fermentum Arcu Vestibulum Incorporated,1327,Palencia,IN
Amet Associates,6811,Henley-on-Thames,UT
Mattis Integer Eu Limited,4998,Castlegar,SC
Dapibus Id Associates,7309,Casnate con Bernate,ME
In Industries,6603,Spruce Grove,WA
Cras Associates,7544,Mandi Bahauddin,NY
Fusce Fermentum Fermentum Foundation,2854,Fontenoille,IN
Semper Corp.,7681,Chishtian Mandi,SC
At Iaculis Quis Ltd,6859,Toledo,ME
In Sodales Elit Limited,1294,Hasselt,CT
In Consequat Consulting,1580,Santa Fiora,IN
Aliquet Vel Vulputate Inc.,5343,Ashoknagar-Kalyangarh,ME
Accumsan LLC,4522,Oldenburg,NM
Donec Luctus Corporation,4060,Rouvreux,MA
Diam Company,6212,Tongyeong,MD
Eu LLC,7289,Petit-Thier,DE
Sapien Consulting,2644,Chiavari,CO
Montes Company,1036,Anápolis,DE
Mus Aenean Eget Ltd,7446,Labro,MD
Elit Nulla Company,6240,Whitehorse,ME
Sed Foundation,6446,Aisén,NY
Phasellus Dolor Elit LLC,6073,San Vito al Tagliamento,CO
Tellus Sem Inc.,4590,Saravena,NM
Rhoncus Donec Ltd,7018,Boechout,WA
Lorem Ac Risus LLC,8861,Peutie,NY
Non Feugiat PC,8772,Llanelli,MD
Lobortis Augue Scelerisque Corporation,5197,Houston,CO
Nisi Mauris Nulla Institute,9400,Mathura,NY
Lacus Consulting,6681,Victor Harbor,UT
Tempus Inc.,6426,Schwechat,NY
Lacinia Orci Consectetuer Limited,7771,Luton,CT
Dignissim Maecenas Ornare Foundation,8516,Khimki,WA
Libero Corporation,6641,Gijzelbrechtegem,MD
Donec Institute,9840,Chetwynd,SC
Dolor Quisque Associates,7192,Losino-Petrovsky,MD
Nulla At Sem Ltd,1401,Fahler,WA
Donec Institute,3342,La Reina,CT
A Arcu Foundation,2188,Rae-Edzo,DE
Dolor Sit Amet Limited,2963,Tambov,MD
Dolor Sit Industries,4956,San Juan de la Costa,NM
Dictum Cursus Nunc Consulting,1977,Roccasicura,NM
Proin Limited,6530,Pieve di Cadore,UT
Elit Ltd,5753,Bahawalpur,CT
Diam At LLP,3636,Hafizabad,WA
Ac Foundation,4469,Geoje,MA
Nulla Vulputate Ltd,4619,Lipetsk,ME
Aenean Industries,9798,Hamm,ME
Tempor Augue Foundation,3163,Khanewal,UT
Tristique Pellentesque Industries,4822,Parkland County,MA
Purus Sapien LLC,4226,Stilo,DE
Nibh Aliquam Ornare LLP,6028,Asbestos,NM
Diam Company,2209,South Bend,ME
Est Tempor LLC,3836,Dufftown,MA
Metus Industries,5947,Maidstone,ME
Purus Gravida Inc.,4114,Swindon,SC
In Dolor Limited,3574,Neusiedl am See,NY
Consectetuer Adipiscing Elit Associates,1280,Bangor,NM
Donec Fringilla Donec Ltd,8291,Nocera Umbra,DE
Dui Nec LLP,1805,Villafranca in Lunigiana,IN
Imperdiet Ltd,5129,Halisahar,DE
Egestas Ligula Nullam LLP,8763,Kalgoorlie-Boulder,MD
Sed Company,5520,Cap-de-la-Madeleine,IN
Quis Accumsan Convallis Industries,3311,Philadelphia,UT
Rutrum Inc.,4612,Palakkad,CT
Dui Quis LLP,5808,Malambo,DE
Sagittis Associates,4798,Plast,DE
Luctus Felis Purus Institute,3861,Goes,ME
Aptent Ltd,3419,Neunkirchen,NM
Non Dapibus Consulting,7135,Barranca,CT
Fames Ac Incorporated,5468,Lonzee,WA
Nonummy Ipsum Limited,5394,Bath,CO
Nulla Corporation,6453,Seevetal,MA
Urna Nec PC,6795,Burns Lake,ME
Nec Ante Blandit PC,7855,Parbhani,CO
Duis Sit Inc.,1743,Leamington,MD
Vivamus LLP,6125,Zandvoorde,SC
Quis Corp.,9690,Castelvecchio Calvisio,CO
Turpis Non Institute,3195,Buin,IN
Quis Inc.,4374,Villers-la-Loue,UT
Aenean Egestas Incorporated,6648,Lacombe County,MD
Velit Consulting,7259,Wandsworth,NM
Ac Tellus Corporation,9957,Tehuacán,MD
Tincidunt Nunc Company,6381,Collines-de-l'Outaouais,IN
At Egestas Corp.,4501,Kanchipuram,WA
Et Magnis Consulting,4814,Agen,MA
Imperdiet Inc.,1025,Kharan,ME
Eget Dictum Placerat Foundation,4774,Fourbechies,MD
Fusce PC,7995,Höchst,UT
Parturient Associates,6093,Killa Abdullah,MD
Porta Associates,6846,Ghaziabad,ME
Egestas Lacinia Sed Institute,1076,Patan,WA
Quam Elementum At Corp.,4425,Diegem,SC
At Velit Consulting,7768,Hamilton,ME
Lacus Quisque Imperdiet Limited,9038,Portsoy,MD
Ac Nulla LLP,5849,Oud-Turnhout,MA
Quisque LLC,9761,Volokolamsk,CO
Ac Turpis Corporation,7389,Frederick,WA
Dapibus Inc.,7005,Ham-sur-Heure,MD
Quis Pede Praesent Associates,8584,Boca del Río,MD
Varius Orci In Incorporated,3071,Silifke,WA
Nunc Id Corporation,8596,Mol,NY
Sem Elit Inc.,5843,Santa Maria a Monte,MD
Magna A Tortor LLC,9210,Flint,DE
Cursus Limited,2384,Gravelbourg,WA
Tempus Risus Donec Institute,2098,San Fernando,CT
Nascetur Ridiculus Mus Ltd,7305,Couthuin,MA
Arcu Corp.,8397,Ilkeston,MD
Molestie Dapibus Ligula PC,3830,Albacete,IN
Quis LLP,5824,Dhuy,ME
Mi Lacinia LLP,6770,Braies/Prags,NM
Non Justo Proin Foundation,8965,Zweibrücken,UT
Nulla Aliquet Proin PC,3707,Halanzy,IN
Mauris Blandit LLP,8616,Hudson's Hope,MD
Sed Consequat Company,5385,Valera Fratta,NM
Ridiculus Mus Donec Institute,5320,Pachuca,MA
Amet Consectetuer Adipiscing Associates,3683,Hathras,ME
Eu Company,1908,Ludlow,DE
Dolor Fusce Incorporated,2531,Utrecht,NM
Sem Industries,5594,Rotorua,SC
Duis A Mi Consulting,7509,Criciúma,MD
Turpis Corporation,3368,Sars-la-Buissire,UT
Vivamus PC,8900,Caxias,ME
Auctor Velit Aliquam Company,7966,Sutton,CT
Amet Consectetuer Company,9009,Bras,CT
Ornare Placerat Orci Foundation,2716,Lake Cowichan,MD
Non Bibendum Sed LLC,7032,Ambleside,WA
Pellentesque Eget Dictum Institute,2587,Ururi,UT
Nunc Sed Orci Corporation,2584,Neustrelitz,CT
Nisi Sem Ltd,3220,Gresham,DE
Molestie Sodales LLC,9903,Tramonti di Sopra,SC
Adipiscing Lobortis Risus LLP,9272,Stamford,WA
Consectetuer Cursus Et Inc.,4487,Monstreux,CT
Sem Pellentesque PC,3769,Burnaby,NM
Neque Tellus Imperdiet Corp.,7956,Gressoney-Saint-Jean,SC
Tempor Augue Ac Limited,1441,Orta San Giulio,CO
Nascetur Company,2017,Baidyabati,DE
Dis Parturient Montes Ltd,4999,La Salle,NM
Diam Pellentesque Consulting,7441,Collinas,ME
Tellus Institute,2784,Georgia,IN
Leo Elementum Sem Corp.,8362,Bergisch Gladbach,NM
Arcu Foundation,2741,Opwijk,MA
Habitant Morbi Ltd,3844,Rionero in Vulture,NM
Sociis Natoque Industries,9113,Gianico,MA
Eu Eros Nam Consulting,4679,Bloomington,CT
Massa Mauris Vestibulum Corporation,3240,Bonavista,SC
Magna Inc.,5251,Green Bay,IN
Et Malesuada Fames Industries,1776,Rapone,NY
Lectus Pede Associates,6422,Omaha,CT
Justo Nec Institute,7596,Neerharen,IN
Mauris Id Company,2711,Caen,CT
Ornare Facilisis Consulting,7809,Kopeysk,MA
Urna Ut LLP,4585,San Martino in Pensilis,NM
Egestas Company,2591,Warburg,MD
Sed Libero Proin Incorporated,9903,Sogamoso,NM
Enim Ltd,1384,Korba,CO
Aliquet Company,9754,Clarksville,CO
Consectetuer Adipiscing LLP,2896,Tramatza,CO
Natoque Penatibus Institute,6521,Dumfries,SC
Ultricies LLC,8797,Mol,DE
Aliquet Diam LLC,2964,Burin,MD
Fringilla Porttitor Vulputate Incorporated,6748,Strathcona County,WA
Eu Limited,2958,Feldkirch,NM
Cum Sociis Natoque Foundation,8851,Naumburg,NM
Ipsum LLC,1921,Westrem,ME
Metus LLC,7025,Milwaukee,MD
Ornare Company,6726,Tourinnes-la-Grosse,ME
Sagittis Lobortis Mauris LLC,8240,Polatlı,NM
Sollicitudin Orci Sem Corporation,4761,Weyburn,DE
Ac Metus LLC,5676,Aklavik,DE
A Odio LLC,9578,Carapicuíba,CT
Tincidunt Inc.,8025,Castelbuono,WA
Dolor Quam Associates,6967,San Lorenzo Nuovo,UT
Nibh Aliquam Ornare Ltd,3670,Fürth,NM
A Company,5265,Naro-Fominsk,DE
Montes Limited,6234,Poviglio,CT
Eu Arcu Inc.,4135,Neu-Ulm,WA
Egestas Ltd,2778,Hope,DE
Cursus Ltd,6148,Raurkela,SC
Nibh Dolor Nonummy Inc.,5298,Casperia,NY
Sagittis Corporation,6840,Gunungsitoli,NM
Volutpat Nulla Institute,4695,Harelbeke,CO
Fermentum Convallis Ligula Foundation,4070,Linton,MD
Nascetur LLC,6509,Bicester,SC
Adipiscing Ltd,7013,San Fernando,MD
Vitae Odio Sagittis Foundation,7182,Blankenberge,WA
Diam Vel Consulting,8984,Nieuwegein,IN
Neque Institute,6619,Uyo,IN
Turpis Inc.,8368,Penco,NY
Eget Tincidunt Dui Institute,7005,Cargovil,SC
Ac Limited,9932,Todi,ME
Auctor LLP,9010,Lamont,IN
Ipsum Sodales Institute,9842,Villata,CT
Dapibus Quam Corporation,6823,Los Mochis,NM
Diam Luctus Lobortis Inc.,9419,Vergemoli,CT
Mauris Corporation,9609,Koekelberg,NM
Auctor Associates,3611,Ettelgem,WA
Tellus Lorem Industries,9752,Beaconsfield,CO
Consectetuer Adipiscing Elit LLP,2223,Valparaíso,UT
Eget Odio Company,5328,Bay Roberts,CT
Ridiculus Mus Incorporated,5475,Arquata del Tronto,NY
Consectetuer Adipiscing Inc.,6730,Pincher Creek,NM
Mauris Ut Industries,4565,Pellezzano,CT
Lacinia Sed Inc.,2476,Bekkerzeel,UT
Turpis Vitae Inc.,7509,Sete Lagoas,DE
Gravida Nunc Sed Associates,1129,Vietri di Potenza,MA
Felis Ullamcorper Viverra Corporation,7179,Sant'Agata Bolognese,CT
Turpis Aliquam Adipiscing LLC,3699,Ivanovo,MA
Convallis Ante Lectus Consulting,6947,Townsville,UT
Mauris Institute,3227,Foz do Iguaçu,WA
Interdum Institute,2400,Fort Resolution,NM
Mi Eleifend Corp.,1626,Jecheon,DE
Habitant Morbi Associates,5913,Lang,MD
Ornare Placerat Orci Incorporated,7601,Toledo,CO
Non Incorporated,7210,Dole,UT
Malesuada Company,4517,Mansfield-et-Pontefract,DE
Accumsan Neque Consulting,7445,Vallepietra,SC
Donec LLP,5821,Turriaco,NM
Felis Orci Adipiscing Corp.,9363,Sullana,IN
Tortor Nibh Industries,7789,Alva,CT
Aliquet Nec Consulting,9351,Jeju,DE
Sed Eget LLC,5410,Joncret,UT
Amet Luctus Industries,6974,Serampore,WA
Gravida Nunc Sed Company,9720,Kington,DE
Ac Feugiat Non Company,8322,Ingooigem,CO
Etiam Gravida Molestie Corp.,5481,Sant'Eusanio Forconese,UT
Augue Limited,7775,Fort Collins,NY
Mattis Cras Incorporated,8925,Tarzo,SC
Semper Et Consulting,5426,Oosterhout,NY
Sit Amet Industries,6268,Opwijk,MD
Neque Venenatis Lacus Institute,9333,Cerro Navia,UT
Lacinia Orci Consectetuer Institute,7302,Contagem,ME
Aliquet Corporation,4424,Machalí,CT
Eget Magna Ltd,6387,Kech,MD
Fusce Incorporated,3182,Parramatta,DE
Nonummy Ut Consulting,4931,Faisalabad,SC
Penatibus Et Magnis Foundation,2464,Qu�bec City,WA
Sed Id Risus Associates,1613,Valera Fratta,SC
Leo Foundation,4426,Hualpén,CT
Ultrices Corporation,2366,Johnstone,WA
Consectetuer Institute,3543,Brechin,DE
Magna Industries,2635,Rouyn-Noranda,MA
Neque LLC,5113,Jecheon,ME
Justo Faucibus Lectus Ltd,9747,Bowden,WA
Nisi Magna Sed Incorporated,5076,Neuss,NM
Enim Foundation,1421,Batiscan,IN
Nullam Nisl Consulting,3232,Lier,ME
Pede Malesuada Corporation,4265,Norman,WA
Euismod Ltd,9681,Pont-ˆ-Celles,MA
Duis A Foundation,9907,Neuruppin,NY
Tortor Industries,3926,San Giovanni la Punta,IN
Sociis Natoque Foundation,4609,Embourg,UT
Tristique Senectus Industries,5663,Penrith,SC
Ac Sem LLC,8314,Tillet,MD
Quisque Ornare Tortor Consulting,7908,Zlatoust,CO
Placerat Orci Consulting,8826,Waardamme,DE
Porttitor Corporation,7385,Montreal,NM
Nisl Arcu LLC,2947,Sutton,CO
Nulla Facilisi Sed Consulting,9918,Eigenbrakel,IN
Duis Sit Amet Ltd,5507,Erpion,CO
Tempus Limited,7590,Masterton,NY
Risus PC,3018,Rimbey,WA
Mus Consulting,9666,Kessel,IN
Mauris Blandit LLC,5178,Sant'Onofrio,NY
Nam Porttitor Inc.,7992,Sevastopol,UT
Senectus Et Netus Inc.,2118,Campbellton,SC
Fusce Mi Lorem Ltd,8592,Sullana,NM
Diam At Pretium Industries,8284,Appels,DE
Cras Vulputate Velit Corp.,9564,Landshut,CO
Tincidunt Limited,3372,Montelupo Fiorentino,CT
Lorem Auctor Quis Institute,2403,Thorembais-Saint-Trond,SC
Nulla Limited,1493,Meux,IN
Nisl Maecenas Limited,3090,Rawalpindi,IN
Arcu LLP,8861,Keswick,SC
Magna Limited,4117,Ergani,WA