Dname,GameHistory
Dolor Elit Institute,82
Neque In Ornare Ltd,34
Nec Mauris Blandit PC,98
Dolor Company,41
A Malesuada Incorporated,34
Augue Limited,7
Ac Metus Vitae LLP,29
Nullam Ut Corp.,15
Ut Limited,52
Proin Foundation,76
Nullam Velit Foundation,67
At Auctor LLC,8
Lorem Vehicula Et Consulting,67
Elit A Limited,25
Convallis Convallis Dolor Consulting,40
Sed Auctor Odio Foundation,44
Aliquet Limited,22
Nisl Incorporated,15
Scelerisque Ltd,89
Nunc In Associates,33
Lorem Sit Ltd,58
Orci Adipiscing Foundation,39
Facilisis Suspendisse Company,6
Tempus Mauris Inc.,4
Eget Lacus Industries,51
Nam LLC,32
Dictum Eu Placerat Limited,77
Elit Pharetra Industries,55
Adipiscing Ligula Aenean Institute,41
Curae; Donec Tincidunt Limited,47
Nunc Company,58
Amet Ultricies Sem Consulting,43
In Foundation,73
Quisque Limited,73
Est Mauris Industries,82
Posuere At Inc.,81
Tempor Inc.,87
Tristique Consulting,6
Ut Dolor Dapibus Inc.,10
Blandit At Nisi Incorporated,80
Eros Nam Consequat Company,30
Posuere Cubilia Curae; Limited,57
Egestas Aliquam Company,46
Libero Integer In Institute,24
Enim Gravida Sit Limited,45
Augue Malesuada Incorporated,85
Orci Consulting,13
Sit Amet Corp.,1
Nibh Consulting,81
Aliquet Molestie PC,73
In Foundation,55
Eu Company,63
Nulla In Institute,36
Tellus Ltd,62
Urna LLC,26
Luctus Ipsum Leo Foundation,68
Pharetra Nam Ac Corporation,20
Curabitur Egestas Nunc Corporation,67
Semper Egestas Urna LLC,89
Id Libero Donec LLC,96
Amet Consectetuer Adipiscing Associates,78
Quis Turpis Corp.,52
Tortor Dictum Eu Associates,33
Rhoncus Associates,39
Natoque Inc.,54
A Neque Nullam Inc.,94
Molestie Orci Tincidunt Limited,96
Quisque Incorporated,69
Nunc Inc.,58
At Arcu Ltd,64
A LLC,50
Adipiscing Elit Curabitur Company,20
Ut Institute,94
Odio Phasellus Consulting,65
Tempus Risus Donec Associates,81
Sollicitudin Ltd,1
Justo Proin Foundation,59
Velit Eget PC,57
Mauris Ut Associates,2
Pellentesque Tellus Sem LLC,17
Nec Ante Blandit Industries,89
In Incorporated,88
Sodales Purus Corp.,3
Suspendisse Industries,91
Eget Ltd,23
Magnis Dis Ltd,73
Interdum Enim Non Incorporated,3
Et Rutrum Incorporated,96
Ullamcorper Associates,97
Eros Company,78
Quis Ltd,10
Eu Augue LLP,76
Nulla Facilisi Sed Institute,82
Semper Cursus Ltd,77
Donec Ltd,26
Sem Elit Incorporated,62
Eu Dolor Consulting,39
Eu Neque Pellentesque Institute,95
Pellentesque Tellus Sem Company,27
Ornare Lectus Ante LLC,19
Felis Institute,58
Egestas Blandit LLC,24
Cras Institute,77
Aliquam Associates,71
Velit Cras Inc.,45
Semper Pretium Neque Limited,26
Rutrum Justo Foundation,35
Accumsan Foundation,9
Lacus Aliquam Rutrum LLP,16
Sagittis Semper Company,56
Dui Suspendisse Ac Limited,96
Dui Company,37
Tempor LLC,59
Pede Nonummy Ut Institute,8
Sit Amet Ornare LLP,92
Ligula Eu Enim Ltd,76
Ultrices Posuere Cubilia Institute,16
Tristique Senectus Et Institute,72
Vitae Velit Egestas LLC,20
Quis Tristique Ac Corp.,97
Metus Vivamus Euismod Corp.,44
Vehicula Corp.,94
Est Arcu Associates,88
Iaculis Quis Pede PC,57
Eu LLP,95
Orci Sem Eget Institute,2
Eget Mollis Lectus Company,80
Sit Amet Ante LLP,67
Id Ante Institute,33
Sem Molestie Foundation,3
Lacus LLC,48
Tincidunt Consulting,16
Magna Ut Inc.,56
A Felis Associates,12
Adipiscing Fringilla Inc.,49
Proin LLP,21
Consectetuer Foundation,8
Ante Ltd,44
Interdum Foundation,2
Nec Associates,47
Metus In Institute,6
Quam Consulting,37
Pellentesque Industries,6
Suspendisse Company,21
Urna Ltd,59
Lacus Quisque Ltd,54
Phasellus Corp.,10
Commodo Limited,13
Duis Corporation,20
Scelerisque Mollis Corporation,79
Fusce Diam Institute,69
Nisi A Odio Inc.,60
Donec Sollicitudin Adipiscing Incorporated,23
Ac Libero Nec Institute,39
Fringilla Mi LLP,11
Ut Eros Company,65
Augue Limited,90
Enim Nec Institute,72
Sit Amet Faucibus Corp.,42
Tristique Neque LLC,55
Nec Consulting,18
Sit Amet LLP,46
Pede Incorporated,89
Non LLP,6
Arcu Limited,82
Vel Pede Ltd,59
Neque Inc.,76
Placerat Inc.,19
Nibh Quisque Institute,65
A Company,94
Luctus Aliquet Odio Ltd,52
Id Erat Etiam Foundation,12
Adipiscing Fringilla Incorporated,35
Eget Volutpat Industries,61
Egestas Incorporated,85
Pellentesque Habitant Morbi Company,37
Aliquet Vel Corporation,22
Ut Cursus PC,39
Ac Urna Ut Foundation,63
Phasellus Consulting,27
Eget Odio Inc.,46
Facilisis Corp.,76
Tristique Foundation,57
Mi Institute,51
Mollis LLP,88
Ridiculus Ltd,66
Dolor Vitae Dolor PC,4
Aliquam Nisl Consulting,71
Auctor Ullamcorper Nisl Corporation,25
Duis Risus LLC,16
Enim Nec LLC,73
Donec Porttitor Tellus Incorporated,53
Sed Est Nunc Company,7
Bibendum Institute,11
Morbi LLC,81
Sed Et Associates,64
Ultrices A Foundation,35
Ipsum Dolor Limited,45
Tellus Justo Sit Ltd,67
Tristique Ac Eleifend Institute,6
Urna Ut Tincidunt Ltd,26
Elit Curabitur Sed Associates,100
Nunc Quisque Ornare Inc.,96
Quis Company,34
Quisque Ac Company,99
Cras Lorem Lorem Foundation,58
Interdum PC,83
Risus Consulting,13
Vehicula PC,48
Arcu Imperdiet Company,88
Amet Ante Vivamus Inc.,29
Erat Company,94
Id Institute,48
Purus Foundation,96
Lacus Industries,67
Velit Eu Associates,18
In Felis Inc.,39
Pede Blandit Congue Ltd,63
Lorem Ipsum Sodales Company,86
A Arcu Sed Consulting,90
Nunc Inc.,92
Duis PC,15
Sagittis Company,63
Vivamus Company,3
Arcu Corporation,51
Arcu Vestibulum Company,46
Tincidunt Adipiscing Mauris Associates,73
Ullamcorper Corporation,72
Lectus Pede Institute,26
Ultrices Sit Ltd,92
Mauris Sapien Cursus Associates,39
Nulla In Tincidunt Company,47
Orci Ut Sagittis Ltd,78
Nibh Industries,63
Vitae Risus Corp.,4
Nec Leo Morbi Foundation,17
Fringilla Ornare Institute,69
Lorem Sit Amet LLC,83
Vestibulum Massa Foundation,5
Neque Limited,10
Elit Erat Vitae Foundation,58
Ornare Fusce Institute,70
Mauris Erat Eget LLP,75
At Pede PC,81
Sit Amet Limited,58
Malesuada Ltd,58
Eros Turpis Non Institute,34
Eget Associates,16
Ut Erat LLC,6
Fusce Diam Incorporated,4
Ultricies Adipiscing PC,4
Diam Inc.,74
Dolor Sit Limited,97
Risus A Ultricies Inc.,100
Fames Ltd,10
In At Company,29
At Auctor PC,5
Phasellus Ornare Limited,23
A Purus LLP,79
Lacinia Associates,86
Adipiscing Lobortis Incorporated,56
Nulla Interdum Corporation,4
Sed Congue Elit Company,11
Consequat Foundation,89
Ligula Tortor Dictum Foundation,50
Habitant Morbi Incorporated,72
Dolor Dolor PC,96
Aliquam Corporation,22
Est Arcu Industries,12
Nonummy PC,50
A Odio Semper Corporation,7
Sed Molestie Limited,24
Luctus Aliquet Associates,81
Neque Nullam Nisl Company,34
Nam Interdum Enim Consulting,2
Vel Foundation,78
Cras Lorem Lorem Ltd,64
Vestibulum Lorem Institute,3
Ipsum PC,62
Consectetuer Adipiscing Associates,8
Volutpat Ornare Consulting,71
Sit Limited,98
Vitae Associates,14
Cras Lorem Lorem Company,31
Donec Dignissim Magna Inc.,94
Tempus Lorem Fringilla Incorporated,38
Auctor Odio A Inc.,11
Cum Sociis Natoque LLP,65
Eu Metus In Ltd,51
Quis Industries,69
Posuere At Industries,76
Egestas Sed Pharetra Incorporated,68
Vehicula Institute,93
Donec Porttitor Limited,63
Dui Corp.,95
Mus Proin Consulting,59
Nullam Velit Company,48
Purus Limited,76
Condimentum Corp.,4
Quisque PC,46
A Scelerisque Sed Ltd,58
Nibh Donec Est Inc.,97
Lectus A Associates,60
Dis Foundation,43
Consectetuer LLC,59
Elementum Dui Inc.,30
Quisque Company,45
Maecenas Corp.,95
Ridiculus Incorporated,56
Dictum Sapien Limited,59
Lobortis Class Aptent Institute,68
Iaculis Quis Inc.,36
Mauris Rhoncus Incorporated,83
Ac Company,97
Etiam Ligula Corp.,1
Justo Proin Non Incorporated,6
Tellus Sem Mollis Ltd,88
Iaculis Odio Nam LLP,70
Dapibus Quam Quis Incorporated,36
Consequat Associates,61
Egestas Consulting,65
Donec LLP,36
Eu Limited,66
Vel Nisl Quisque Foundation,88
Feugiat Tellus Lorem Limited,27
Montes Nascetur LLP,27
Nulla Dignissim Maecenas Company,49
Luctus Lobortis Class Inc.,37
Et Industries,44
Lacinia At Iaculis Corporation,90
Sem Ut Cursus LLP,91
Est Nunc Ltd,80
Vestibulum Lorem Sit Consulting,38
Enim Inc.,100
Sit Amet Consectetuer Associates,25
Iaculis Odio Consulting,45
Vel Turpis Aliquam PC,35
Interdum Nunc Ltd,40
Tristique Neque Venenatis Corporation,82
Morbi Tristique Senectus Corp.,2
Mauris A Nunc Institute,89
Natoque Penatibus Et PC,39
In Lorem Ltd,94
Luctus Ut Pellentesque LLP,32
Netus Et Limited,67
At Egestas Industries,20
Arcu Curabitur Ut Associates,97
Sit Inc.,77
Gravida Limited,6
Volutpat Ornare LLP,42
Augue Malesuada Malesuada Industries,17
Consectetuer Mauris Id Corp.,94
Elementum Dui Corporation,26
Mi Aliquam Gravida Ltd,28
Curabitur Foundation,86
Mauris Molestie Corporation,23
Tellus Justo Sit Ltd,79
Lorem Associates,66
Eget Tincidunt Dui Industries,44
Sed Dui Fusce PC,62
Vivamus Non Lorem Consulting,88
Ut Sem Nulla Incorporated,13
Ridiculus Mus Proin Incorporated,47
Purus Duis Company,69
Montes Nascetur Ridiculus Institute,80
Dignissim Pharetra Nam Associates,64
Porta Corporation,31
Libero PC,82
Neque Vitae Semper PC,44
Diam Duis Mi Incorporated,91
Sagittis PC,4
Sed LLC,80
Leo Limited,51
Erat Institute,56
Nisl Nulla LLC,18
Nec LLP,9
Orci Inc.,43
A Nunc Consulting,92
Sed Associates,95
Ut Pharetra Sed LLC,60
Urna Nec Luctus PC,15
Enim Etiam Gravida Institute,56
Neque Corp.,17
Et Commodo Consulting,49
Lorem Donec Incorporated,17
Quis Corp.,79
Congue Elit Sed Consulting,4
Ultrices Posuere Cubilia Consulting,74
Felis Associates,60
Ut Odio Vel Incorporated,80
Iaculis Lacus Pede Inc.,100
Facilisis Facilisis Magna Corporation,45
Natoque Penatibus Corp.,54
Tempor Est Ac Company,62
Ultrices Inc.,91
Aliquam Iaculis Corp.,67
Elementum LLP,60
Cursus Diam Foundation,11
Nunc Sed Orci LLP,17
Nunc Mauris Sapien Institute,37
Vulputate Consulting,7
Egestas Ligula Nullam Corporation,10
Pharetra Nibh Corporation,34
Lacinia Incorporated,25
Amet Faucibus Ut PC,34
Et Rutrum LLP,59
Bibendum Fermentum Metus Limited,16
Odio Corp.,11
Nisi Nibh Lacinia Incorporated,82
Ornare Egestas Corporation,31
Lacus Mauris Associates,23
Lorem Eget PC,41
Risus Quisque Libero Corp.,100
Eu Augue PC,88
Magna Suspendisse Foundation,55
Consectetuer Mauris Incorporated,31
Vel Faucibus Id Industries,53
Erat Semper Rutrum Ltd,35
Scelerisque Dui Suspendisse Industries,15
Nascetur Incorporated,25
Facilisis Eget Consulting,14
Mi Lacinia LLC,26
Sem Ut Cursus Company,94
Dictum Company,10
Orci LLP,34
Metus Consulting,56
Ornare Lectus Justo Company,32
Pellentesque Habitant Morbi LLC,24
Ipsum Dolor Sit Corporation,84
Euismod Mauris Eu Limited,22
Lobortis Tellus Justo PC,22
Quis Corporation,35
Vel PC,37
Suspendisse Dui Institute,41
Iaculis Ltd,11
Porttitor Interdum Sed Associates,52
Odio Industries,39
Ac Tellus Suspendisse LLC,81
Donec Corp.,77
Consequat Limited,34
Porttitor Eros Nec Incorporated,74
Quisque Imperdiet Erat Ltd,11
Primis Corp.,58
Arcu Consulting,74
Sed Molestie Sed Company,3
Ac Urna Ut Ltd,1
Dictum Placerat Institute,98
Lorem Luctus Industries,23
Ornare Industries,27
Sed Pharetra Felis Associates,87
Erat Vel Institute,47
Ac Libero LLP,78
Gravida Inc.,76
Tellus Faucibus Incorporated,80
Tellus Lorem Eu Industries,55
Viverra Incorporated,40
Sem Foundation,29
Nascetur Ridiculus Mus Inc.,25
Ipsum Non Arcu Incorporated,73
Enim Foundation,70
Vitae Odio Sagittis Inc.,5
Sapien Molestie Consulting,73
Mollis Vitae Posuere LLP,78
Nec Associates,81
Dictum Ultricies Ligula Institute,1
Metus Aenean Sed Ltd,60
Mauris Incorporated,24
Etiam Laoreet Libero Associates,14
Fringilla LLC,85
Commodo PC,11
Risus Donec Inc.,90
Cras Incorporated,6
Sem Incorporated,74
Massa Non LLC,18
In Cursus LLP,79
Tincidunt Nunc Associates,39
Mi Felis Industries,42
Neque Pellentesque Massa PC,88
Nullam LLP,45
Odio Phasellus At PC,56
Morbi Tristique Senectus Foundation,17
Erat Volutpat Nulla Company,12
Mauris Vel Inc.,35
Semper Tellus Consulting,52
Morbi Neque Limited,10
Ultrices Posuere Industries,8
Diam Lorem PC,96
Pretium Aliquet Ltd,4
Mi Aliquam Gravida Corp.,46
Odio Corporation,28
Porttitor Vulputate Consulting,80
Rutrum Magna Incorporated,11
Vulputate Mauris Corp.,90
Morbi Accumsan Laoreet LLP,70
Quisque Porttitor Incorporated,60
Egestas Company,23
Aliquet Company,25
Quam Elementum At Consulting,25
Nullam Vitae Diam Incorporated,14
Elit Foundation,10