Gname,Price
Cadman,187
Cain,42
Brynne,66
Aladdin,225
Abbot,110
Alan,89
Camden,173
Cade,203
Aladdin,200
Cain,28
Britanney,97
Brock,162
Buckminster,192
Briar,160
Aiko,189
Cally,246
Abbot,28
Aiko,245
Aimee,97
Akeem,241
Ahmed,132
Calvin,74
Buckminster,205
Callum,130
Aidan,93
Byron,130
Cairo,14
Abel,40
Aimee,33
Caleb,193
Akeem,216
Buckminster,14
Abbot,115
Caleb,35
Aileen,184
Caldwell,139
Aileen,66
Callum,121
Caesar,55
Abel,36
Callie,144
Cailin,200
Aladdin,100
Abraham,198
Abel,76
Acton,230
Burke,76
Bruno,139
Caesar,126
Cailin,59
Adara,152
Aidan,170
Adrian,212
Cade,249
Caesar,61
Burke,73
Adele,195
Caleb,153
Britanni,85
Cally,239
Byron,116
Byron,186
Callie,101
Abraham,176
Adele,235
Brooke,176
Byron,105
Cailin,70
Brielle,98
Bryar,99
Brock,71
Callie,98
Caleb,195
Adara,107
Caesar,12
Alea,44
Adrian,116
Britanney,64
Brynne,49
Abraham,237
Camden,127
Akeem,82
Akeem,134
Callum,228
Adele,135
Burton,46
Abraham,86
Caesar,20
Akeem,156
Caldwell,35
Brock,199
Adrian,45
Brock,139
Brielle,13
Akeem,129
Burton,126
Cade,120
Cain,233
Briar,155
Callum,71
Cade,128
Caesar,212
Cain,150
Adrian,105
Abraham,249
Bryar,228
Caesar,22
Cadman,16
Britanney,145
Brody,96
Aaron,109
Brynne,48
Cairo,240
Aladdin,92
Adrian,198
Burton,50
Cairo,46
Callie,89
Cain,78
Camden,167
Acton,173
Ainsley,24
Acton,243
Burton,106
Akeem,90
Callum,227
Bryar,182
Burton,58
Brock,177
Bryar,230
Adara,248
Abbot,47
Bryar,70
Callum,136
Burke,183
Cade,178
Alea,242
Alan,154
Britanni,192
Aimee,188
Brody,135
Bryar,56
Aidan,182
Cain,207
Cally,191
Brooke,235
Callum,220
Adrienne,179
Alden,131
Aidan,61
Adara,163
Caleb,21
Cade,197
Acton,200
Brynne,76
Briar,57
Buckminster,96
Abraham,140
Abel,175
Adrian,117
Aiko,59
Burke,122
Caesar,205
Brody,97
Alea,118
Burke,132
Aidan,245
Caleb,56
Aidan,117
Brynn,138
Ainsley,137
Bryar,16
Brock,123
Aiko,74
Alea,173
Adele,23
Akeem,136
Abdul,143
Aidan,215
Camden,146
Aladdin,196
Abbot,119
Brock,34
Brody,232
Ahmed,211
Aileen,54
Buckminster,211
Brody,62
Brooke,54
Burton,136
Cailin,87
Byron,141
Brock,163
Acton,196
Brynne,144
Alea,33
Cairo,25
Adrienne,48
Bruno,208
Cairo,161
Adara,115
Callum,245
Burke,158
Briar,117
Alea,82
Aimee,45
Adrian,248
Ahmed,153
Aimee,69
Brielle,192
Brynne,223
Caleb,167
Adrienne,77
Cally,121
Bryar,136
Aidan,92
Brynn,45
Bruno,19
Aileen,191
Alden,245
Burke,17
Adrienne,120
Aiko,21
Adrienne,86
Caldwell,63
Burke,49
Calvin,242
Adele,73
Adrian,148
Aladdin,220
Alan,41
Adele,220
Aiko,112
Bruno,157
Abel,78
Cally,67
Abraham,80
Cain,66
Aimee,138
Abraham,217
Caleb,162
Caleb,241
Callum,120
Aimee,16
Alea,108
Cailin,134
Aimee,153
Aileen,212
Cailin,15
Cally,118
Aladdin,117
Adele,43
Akeem,138
Adrienne,195
Britanney,222
Brielle,175
Buckminster,249
Cailin,111
Akeem,225
Abel,180
Alan,58
Buckminster,92
Bruce,147
Britanni,150
Cadman,154
Callie,138
Burke,200
Brielle,80
Cain,64
Aileen,72
Brynn,34
Adele,248
Cailin,33
Calvin,25
Adrienne,89
Abdul,201
Aladdin,169
Adara,60
Abel,174
Alea,52
Caleb,209
Abel,122
Caldwell,103
Aidan,220
Brynne,75
Abraham,236
Caleb,201
Bruce,132
Cailin,147
Burton,65
Alea,217
Addison,12
Addison,88
Aileen,58
Alan,56
Abbot,164
Callie,155
Adara,64
Brynne,164
Addison,222
Cain,30
Adrienne,240
Burke,33
Abraham,47
Calvin,152
Britanney,135
Brynne,50
Acton,38
Adrian,212
Ahmed,32
Britanni,235
Brooke,90
Caesar,249
Buckminster,167
Brynne,204
Alea,210
Alden,238
Caleb,27
Addison,94
Aaron,140
Alan,128
Abbot,104
Aimee,157
Bryar,184
Britanney,75
Caesar,203
Callie,90
Adele,29
Addison,145
Calvin,217
Ahmed,26
Aimee,35
Burke,184
Brooke,106
Aileen,135
Callum,34
Callie,183
Brielle,83
Cairo,182
Byron,173
Caleb,26
Adara,19
Callie,47
Alea,216
Buckminster,47
Aimee,158
Cally,187
Adrienne,166
Alea,31
Brooke,130
Brynne,130
Addison,92
Cailin,117
Cain,210
Brooke,187
Aileen,49
Britanni,81
Ainsley,97
Abdul,225
Akeem,184
Aidan,221
Cairo,243
Alea,224
Addison,196
Akeem,180
Buckminster,155
Adele,106
Abdul,118
Cally,211
Akeem,114
Caesar,248
Burke,223
Brooke,62
Adrienne,12
Brody,170
Cally,170
Burke,33
Cailin,102
Brody,203
Callie,107
Addison,88
Briar,91
Brielle,122
Caldwell,164
Burke,33
Akeem,25
Acton,26
Brynne,152
Aladdin,44
Abel,182
Akeem,57
Akeem,16
Cain,139
Aladdin,111
Caesar,99
Adara,121
Caldwell,105
Caesar,126
Brody,105
Cain,21
Calvin,35
Adara,237
Adele,90
Buckminster,184
Abel,73
Calvin,65
Cade,18
Alan,35
Bryar,139
Brooke,98
Aimee,237
Abdul,126
Addison,148
Caesar,183
Adrian,193
Burke,82
Aimee,17
Alden,14
Aimee,129
Abbot,215
Alea,195
Brynn,183
Aimee,193
Adrienne,166
Aaron,179
Cadman,137
Alea,47
Brynn,59
Aiko,187
Brielle,93
Acton,238
Caldwell,26
Aladdin,40
Akeem,249
Ainsley,158
Alea,28
Adrian,156
Alea,225
Cain,225
Britanni,35
Cade,181
Abbot,194
Bruno,19
Caleb,134
Cade,243
Adele,164
Briar,174
Burton,177
Abbot,88
Brynn,59
Brooke,203
Aileen,221
Abdul,55
Akeem,133
Aiko,50
Briar,132
Brielle,40
Brynne,14
Aaron,85
Buckminster,132
Aimee,67
Alden,241
Cadman,200
Caleb,155
Abel,229
Cade,32
Bryar,183
Abraham,129
Aaron,19
Cally,206
Aiko,243
Buckminster,125
Burton,158
Ahmed,233
Adrian,93
Aaron,184
Adara,98
Bryar,99
Ainsley,142
Bruno,145
Addison,98
Ainsley,144
Ainsley,120
Brielle,21
Bruce,173
Alden,52
Aiko,176
Britanni,73
Buckminster,34
Byron,247
Cally,195
Brock,142
Bruce,222
Cairo,146
Britanney,182
Brody,146
Brielle,211
Cain,102
Cain,185
Adrian,72
Abraham,107
Adrienne,197
Aiko,227
Abdul,108
Cairo,27
Adrienne,12
Adele,20
Abraham,23
Cairo,197
Adrian,238
Britanney,76
Abdul,114
Buckminster,50
Britanni,198
Abbot,40
Bryar,131
Abel,215
Cadman,62
Adrienne,44
Brooke,92
Akeem,32
Caesar,43
Brody,216
Calvin,191
Caesar,84
Adara,208
Bryar,197
Britanney,249
Brynn,49
Akeem,184
Alea,240
Caleb,172
Aileen,18
Bryar,213
Aileen,169
Brynn,177
Britanney,149
Alan,211
Brody,127
Caldwell,37
Aaron,160
Bruce,74
Adele,107
Ahmed,226
Cadman,225
Cally,151
Adrienne,93
Alea,225
Cadman,121
Caldwell,202
Cade,98
Abdul,237
Bruno,100
Byron,167
Callie,226
Adrian,109
Callum,204
Callum,27
Aileen,73
Ainsley,160
Aimee,230
Brielle,122
Bruce,174
Abbot,63
Cain,168
Cadman,144
Abbot,181
Brooke,156
Cailin,115
Akeem,15
Alan,163
Cain,228
Aileen,149
Caleb,85
Aileen,185
Burke,67
Aimee,238
Aaron,174
Cailin,186
Britanney,163
Cadman,160
Brody,166
Aladdin,246
Brynn,45
Cairo,84
Cairo,21
Britanney,157
Caldwell,234
Caleb,118
Caldwell,149
Ahmed,203
Adrian,86
Aimee,212
Adele,143
Aimee,54
Caleb,222
Cailin,97
Callie,136
Camden,160
Abel,197